currentDate,npcIndex,firstName,lastName,dob,age,gender,livingStatus,pregant,background,employer,gold,income,base_expense,saveRate,base_spend,luxury_spend
0,1,person,a-1 ,-25200,70.00,0,Healthy,0,poor,,8.00,2.37,2.10,0.2,,
0,2,person,a-2,-22680,63.00,0,Healthy,0,poor,,32.00,10.92,2.10,0.2,,
0,3,person,a-3,-7560,21.00,1,Healthy,0,poor,,40.00,4.84,2.10,0.2,,
0,4,person,a-4,-30600,85.00,1,Healthy,0,poor,,67.00,7.01,2.10,0.2,,
0,5,person,a-5,-19440,54.00,0,Healthy,0,poor,,25.00,10.02,2.10,0.2,,
0,6,person,a-6,-7200,20.00,0,Healthy,0,poor,,39.00,6.09,2.10,0.2,,
0,7,person,a-7,-27360,76.00,1,Healthy,0,poor,,67.00,5.61,2.10,0.2,,
0,8,person,a-8,-21600,60.00,0,Healthy,0,poor,,45.00,7.04,2.10,0.2,,
0,9,person,a-9,-14760,41.00,1,Healthy,0,poor,,59.00,2.34,2.10,0.2,,
0,10,person,a-10,-16560,46.00,0,Healthy,0,poor,,28.00,6.35,2.10,0.2,,
0,11,person,a-11,-12240,34.00,0,Healthy,0,poor,,32.00,3.39,2.10,0.2,,
0,12,person,a-12,-23400,65.00,1,Healthy,0,poor,,70.00,2.62,2.10,0.2,,
0,13,person,a-13,-10800,30.00,0,Healthy,0,poor,,28.00,10.87,2.10,0.2,,
0,14,person,a-14,-14400,40.00,0,Healthy,0,poor,,1.00,8.45,2.10,0.2,,
0,15,person,a-15,-1800,5.00,1,Healthy,0,poor,,44.00,2.72,2.10,0.2,,
0,16,person,a-16,-3240,9.00,0,Healthy,0,poor,,95.00,8.70,2.10,0.2,,
0,17,person,a-17,-9720,27.00,0,Healthy,0,poor,,73.00,4.32,2.10,0.2,,
0,18,person,a-18,-1440,4.00,0,Healthy,0,poor,,21.00,3.02,2.10,0.2,,
0,19,person,a-19,-9360,26.00,0,Healthy,0,poor,,5.00,7.56,2.10,0.2,,
0,20,person,a-20,-22680,63.00,1,Healthy,0,poor,,75.00,8.40,2.10,0.2,,
0,21,person,a-21,-1080,3.00,0,Healthy,0,poor,,75.00,2.20,2.10,0.2,,
0,22,person,a-22,-29520,82.00,0,Healthy,0,poor,,92.00,3.72,2.10,0.2,,
0,23,person,a-23,-19440,54.00,0,Healthy,0,poor,,69.00,4.62,2.10,0.2,,
0,24,person,a-24,-33480,93.00,0,Healthy,0,poor,,11.00,5.32,2.10,0.2,,
0,25,person,a-25,-25560,71.00,1,Healthy,0,poor,,7.00,5.17,2.10,0.2,,
0,26,person,a-26,-9360,26.00,0,Healthy,0,poor,,4.00,11.47,2.10,0.2,,
0,27,person,a-27,-34200,95.00,0,Healthy,0,poor,,17.00,3.18,2.10,0.2,,
0,28,person,a-28,-21960,61.00,0,Healthy,0,poor,,98.00,9.43,2.10,0.2,,
0,29,person,a-29,-34560,96.00,1,Healthy,0,poor,,64.00,5.41,2.10,0.2,,
0,30,person,a-30,-7920,22.00,0,Healthy,0,poor,,25.00,6.86,2.10,0.2,,
0,31,person,a-31,-23040,64.00,0,Healthy,0,poor,,47.00,5.91,2.10,0.2,,
0,32,person,a-32,-14400,40.00,0,Healthy,0,poor,,100.00,3.11,2.10,0.2,,
0,33,person,a-33,0,0.00,1,Healthy,0,poor,,44.00,10.20,2.10,0.2,,
0,34,person,a-34,-28080,78.00,1,Healthy,0,poor,,23.00,7.52,2.10,0.2,,
0,35,person,a-35,-14040,39.00,1,Healthy,0,poor,,58.00,5.10,2.10,0.2,,
0,36,person,a-36,-12600,35.00,1,Healthy,0,poor,,36.00,8.76,2.10,0.2,,
0,37,person,a-37,-23760,66.00,0,Healthy,0,poor,,36.00,6.88,2.10,0.2,,
0,38,person,a-38,-17280,48.00,0,Healthy,0,poor,,19.00,5.83,2.10,0.2,,
0,39,person,a-39,-4320,12.00,1,Healthy,0,poor,,96.00,5.16,2.10,0.2,,
0,40,person,a-40,-23760,66.00,0,Healthy,0,poor,,53.00,5.98,2.10,0.2,,
0,41,person,a-41,0,0.00,1,Healthy,0,poor,,64.00,6.19,2.10,0.2,,
0,42,person,a-42,-30600,85.00,1,Healthy,0,poor,,35.00,5.48,2.10,0.2,,
0,43,person,a-43,-3240,9.00,1,Healthy,0,poor,,52.00,2.93,2.10,0.2,,
0,44,person,a-44,-30240,84.00,0,Healthy,0,poor,,47.00,10.76,2.10,0.2,,
0,45,person,a-45,-29160,81.00,1,Healthy,0,poor,,7.00,6.95,2.10,0.2,,
0,46,person,a-46,-20160,56.00,0,Healthy,0,poor,,20.00,11.43,2.10,0.2,,
0,47,person,a-47,-27360,76.00,0,Healthy,0,poor,,32.00,11.57,2.10,0.2,,
0,48,person,a-48,0,0.00,0,Healthy,0,poor,,21.00,5.31,2.10,0.2,,
0,49,person,a-49,-17640,49.00,0,Healthy,0,poor,,42.00,5.44,2.10,0.2,,
0,50,person,a-50,-28080,78.00,1,Healthy,0,rich,,27.00,9.29,2.10,0.2,,
0,51,person,a-51,-16920,47.00,0,Healthy,0,rich,,26.00,2.28,2.10,0.2,,
0,52,person,a-52,-9360,26.00,1,Healthy,0,rich,,24.00,2.27,2.10,0.2,,
0,53,person,a-53,-33840,94.00,0,Healthy,0,rich,,44.00,11.57,2.10,0.2,,
0,54,person,a-54,-2880,8.00,0,Healthy,0,rich,,44.00,2.02,2.10,0.2,,
0,55,person,a-55,-8640,24.00,1,Healthy,0,rich,,63.00,10.34,2.10,0.2,,
0,56,person,a-56,-10440,29.00,1,Healthy,0,rich,,22.00,3.37,2.10,0.2,,
0,57,person,a-57,-16920,47.00,0,Healthy,0,rich,,74.00,6.41,2.10,0.2,,
0,58,person,a-58,-15480,43.00,0,Healthy,0,rich,,91.00,5.95,2.10,0.2,,
0,59,person,a-59,-6480,18.00,1,Healthy,0,rich,,63.00,2.59,2.10,0.2,,
0,60,person,a-60,-21600,60.00,0,Healthy,0,rich,,21.00,6.02,2.10,0.2,,
0,61,person,a-61,-30600,85.00,0,Healthy,0,rich,,68.00,4.93,2.10,0.2,,
0,62,person,a-62,-14400,40.00,0,Healthy,0,rich,,5.00,5.91,2.10,0.2,,
0,63,person,a-63,-9000,25.00,0,Healthy,0,rich,,16.00,9.62,2.10,0.2,,
0,64,person,a-64,-23040,64.00,0,Healthy,0,rich,,14.00,2.20,2.10,0.2,,
0,65,person,a-65,-6840,19.00,1,Healthy,0,rich,,76.00,5.30,2.10,0.2,,
0,66,person,a-66,-16560,46.00,1,Healthy,0,rich,,57.00,3.65,2.10,0.2,,
0,67,person,a-67,-35640,99.00,1,Healthy,0,rich,,86.00,6.37,2.10,0.2,,
0,68,person,a-68,-15120,42.00,0,Healthy,0,rich,,11.00,5.47,2.10,0.2,,
0,69,person,a-69,-14400,40.00,1,Healthy,0,rich,,35.00,4.69,2.10,0.2,,
0,70,person,a-70,-15480,43.00,0,Healthy,0,rich,,85.00,4.34,2.10,0.2,,
0,71,person,a-71,-32400,90.00,1,Healthy,0,rich,,75.00,6.42,2.10,0.2,,
0,72,person,a-72,-20160,56.00,1,Healthy,0,rich,,74.00,4.90,2.10,0.2,,
0,73,person,a-73,-31680,88.00,1,Healthy,0,rich,,20.00,11.03,2.10,0.2,,
0,74,person,a-74,-33840,94.00,0,Healthy,0,rich,,64.00,6.77,2.10,0.2,,
0,75,person,a-75,-28440,79.00,0,Healthy,0,rich,,59.00,10.81,2.10,0.2,,
0,76,person,a-76,-11160,31.00,1,Healthy,0,rich,,42.00,10.41,2.10,0.2,,
0,77,person,a-77,-31680,88.00,0,Healthy,0,rich,,17.00,6.75,2.10,0.2,,
0,78,person,a-78,-18360,51.00,0,Healthy,0,rich,,78.00,10.78,2.10,0.2,,
0,79,person,a-79,-2160,6.00,1,Healthy,0,rich,,1.00,7.34,2.10,0.2,,
0,80,person,a-80,-20880,58.00,1,Healthy,0,rich,,29.00,4.43,2.10,0.2,,
0,81,person,a-81,-16200,45.00,0,Healthy,0,rich,,30.00,9.34,2.10,0.2,,
0,82,person,a-82,-3960,11.00,0,Healthy,0,rich,,43.00,11.21,2.10,0.2,,
0,83,person,a-83,-21960,61.00,0,Healthy,0,rich,,4.00,7.69,2.10,0.2,,
0,84,person,a-84,-28080,78.00,1,Healthy,0,rich,,5.00,11.60,2.10,0.2,,
0,85,person,a-85,-5040,14.00,1,Healthy,0,rich,,15.00,2.57,2.10,0.2,,
0,86,person,a-86,-20880,58.00,0,Healthy,0,rich,,77.00,9.62,2.10,0.2,,
0,87,person,a-87,-720,2.00,0,Healthy,0,rich,,3.00,8.11,2.10,0.2,,
0,88,person,a-88,-24480,68.00,1,Healthy,0,rich,,15.00,7.21,2.10,0.2,,
0,89,person,a-89,-19440,54.00,1,Healthy,0,rich,,19.00,4.95,2.10,0.2,,
0,90,person,a-90,-5760,16.00,1,Healthy,0,rich,,81.00,9.32,2.10,0.2,,
0,91,person,a-91,-22680,63.00,1,Healthy,0,rich,,51.00,3.25,2.10,0.2,,
0,92,person,a-92,-5040,14.00,1,Healthy,0,rich,,81.00,11.90,2.10,0.2,,
0,93,person,a-93,-34560,96.00,0,Healthy,0,rich,,4.00,6.43,2.10,0.2,,
0,94,person,a-94,-7920,22.00,0,Healthy,0,rich,,25.00,5.85,2.10,0.2,,
0,95,person,a-95,-10080,28.00,1,Healthy,0,rich,,14.00,2.94,2.10,0.2,,
0,96,person,a-96,-24480,68.00,0,Healthy,0,rich,,16.00,11.46,2.10,0.2,,
0,97,person,a-97,-32040,89.00,0,Healthy,0,rich,,86.00,8.98,2.10,0.2,,
0,98,person,a-98,-7920,22.00,1,Healthy,0,rich,,31.00,6.31,2.10,0.2,,
0,99,person,a-99,-10800,30.00,0,Healthy,0,rich,,39.00,2.65,2.10,0.2,,
